Date,AMD,GOOGL,META,MSFT,NVDA
2023-12-11,134.41000366210938,132.2904510498047,323.28704833984375,365.84527587890625,46.60103988647461
2023-12-12,137.61000061035156,131.5262451171875,332.1722412109375,368.8800354003906,47.630462646484375
2023-12-13,138.19000244140625,131.57586669921875,332.6890563964844,368.8702392578125,48.06123352050781
2023-12-14,138.0,130.95057678222656,331.1286926269531,360.5542297363281,48.32307815551758
2023-12-15,139.14999389648438,131.60562133789062,332.86798095703125,365.2837219238281,48.8627815246582
2023-12-18,138.89999389648438,134.7816162109375,342.508544921875,367.17547607421875,50.04911804199219
2023-12-19,140.14999389648438,135.625244140625,348.2133483886719,367.7764892578125,49.57637405395508
2023-12-20,135.47000122070312,137.3025665283203,347.1399841308594,365.1752624511719,48.084205627441406
2023-12-21,139.91000366210938,139.36695861816406,351.9205017089844,368.0523986816406,48.96272277832031
2023-12-22,139.60000610351562,140.42897033691406,351.2248229980469,369.0771179199219,48.80281448364258
2023-12-26,143.41000366210938,140.458740234375,352.656005859375,369.15594482421875,49.251556396484375
2023-12-27,146.07000732421875,139.31736755371094,355.63763427734375,368.57464599609375,49.38948440551758
2023-12-28,148.75999450683594,139.17840576171875,356.12457275390625,369.7668151855469,49.49442672729492
2023-12-29,147.41000366210938,138.64248657226562,351.7912902832031,370.515625,49.49442672729492
2024-01-02,138.5800018310547,137.13385009765625,344.1683349609375,365.4216003417969,48.141178131103516
2024-01-03,135.32000732421875,137.8782196044922,342.35943603515625,365.1556091308594,47.54250717163086
2024-01-04,136.00999450683594,135.36721801757812,344.9931945800781,362.53466796875,47.97127914428711
2024-01-05,138.5800018310547,134.71212768554688,349.7936706542969,362.3474426269531,49.069664001464844
2024-01-08,146.17999267578125,137.798828125,356.4625244140625,369.1855163574219,52.22389602661133
2024-01-09,149.25999450683594,139.8930206298828,355.24005126953125,370.2693786621094,53.11041259765625
2024-01-10,148.5399932861328,141.21304321289062,368.20013427734375,377.14678955078125,54.319732666015625
2024-01-11,148.02000427246094,141.01454162597656,367.405029296875,378.9794616699219,54.791473388671875
2024-01-12,146.55999755859375,141.5802459716797,372.1955261230469,382.7630920410156,54.67953109741211
2024-01-16,158.74000549316406,141.42147827148438,365.2085876464844,384.53662109375,56.350608825683594
2024-01-17,160.1699981689453,140.4091033935547,366.1130065917969,383.74835205078125,56.02178955078125
2024-01-18,162.6699981689453,142.404052734375,373.8254699707031,388.083740234375,57.07520294189453
2024-01-19,174.22999572753906,145.2822723388672,381.10064697265625,392.813232421875,59.45787048339844
2024-01-22,168.17999267578125,144.8952178955078,379.44085693359375,390.68499755859375,59.62078857421875
2024-01-23,168.4199981689453,145.9373321533203,382.8399658203125,393.03985595703125,59.83966827392578
2024-01-24,178.2899932861328,147.58489990234375,388.3062438964844,396.6460876464844,61.32782745361328
2024-01-25,180.3300018310547,150.7311248779297,390.77099609375,398.922119140625,61.58269119262695
2024-01-26,177.25,151.04872131347656,391.72515869140625,397.9959716796875,60.99701690673828
2024-01-29,177.8300018310547,152.3588104248047,398.56292724609375,403.70086669921875,62.430213928222656
2024-01-30,172.05999755859375,150.32418823242188,397.6088562011719,402.5874938964844,62.73904800415039
2024-01-31,167.69000244140625,139.04937744140625,387.7496337890625,391.73919677734375,61.492740631103516
2024-02-01,170.47999572753906,140.1014404296875,392.3612060546875,397.8481750488281,62.99190902709961
2024-02-02,177.66000366210938,141.31228637695312,472.0797424316406,405.1788635253906,66.12316131591797
2024-02-05,174.22999572753906,142.6025390625,456.59521484375,399.690673828125,69.29339599609375
2024-02-06,167.8800048828125,143.0194091796875,451.9339599609375,399.5329895019531,68.18501281738281
2024-02-07,170.94000244140625,144.4485626220703,466.71282958984375,407.96722412109375,70.05996704101562
2024-02-08,169.35000610351562,144.81581115722656,467.1203308105469,408.0263671875,69.60221862792969
2024-02-09,172.47999572753906,147.88262939453125,465.2419128417969,414.37176513671875,72.09284210205078
2024-02-12,171.91000366210938,146.42364501953125,466.027099609375,409.15948486328125,72.20777130126953
2024-02-13,171.5399932861328,144.05157470703125,457.30084228515625,400.3507995605469,72.08784484863281
2024-02-14,178.6999969482422,144.8455810546875,470.3802795410156,404.2203369140625,73.8588638305664
2024-02-15,176.75999450683594,141.69937133789062,481.06439208984375,401.3280944824219,72.6175308227539
2024-02-16,173.8699951171875,139.46624755859375,470.4200134277344,398.8602294921875,72.57257080078125
2024-02-20,165.69000244140625,140.0617218017578,468.859619140625,397.60662841796875,69.413330078125
2024-02-21,164.2899932861328,141.48098754882812,465.65594482421875,397.00445556640625,67.43444061279297
2024-02-22,181.86000061035156,143.00946044921875,483.66412353515625,406.3525695800781,78.49427032470703
2024-02-23,176.52000427246094,142.88046264648438,481.5747985839844,405.0594482421875,78.77310943603516
2024-02-26,176.00999450683594,136.53836059570312,479.29638671875,402.2955017089844,79.04796600341797
2024-02-27,178.0,137.83853149414062,484.5794677734375,402.2362365722656,78.65717315673828
2024-02-28,176.5399932861328,135.3572998046875,481.5648193359375,402.4731750488281,77.6197509765625
2024-02-29,192.52999877929688,137.4216766357422,487.64385986328125,408.3169860839844,79.06796264648438
2024-03-01,202.63999938964844,136.11158752441406,499.7520751953125,410.1530456542969,82.2331771850586
2024-03-04,205.36000061035156,132.35000610351562,495.6629943847656,409.5805358886719,85.18953704833984
2024-03-05,205.1300048828125,131.6750946044922,487.7333984375,397.4683837890625,85.920166015625
2024-03-06,210.6300048828125,130.4146270751953,493.5736083984375,396.9155578613281,88.65476989746094
2024-03-07,211.3800048828125,133.37228393554688,509.5919494628906,403.87493896484375,92.62174224853516
2024-03-08,207.38999938964844,134.39454650878906,503.3836364746094,400.9924621582031,87.4833755493164
2024-03-11,198.38999938964844,136.63758850097656,481.13702392578125,399.3143005371094,85.73025512695312
2024-03-12,202.75999450683594,137.46136474609375,497.2150573730469,409.9358825683594,91.86614227294922
2024-03-13,194.7899932861328,138.74169921875,493.0562438964844,409.7582092285156,90.84165954589844
2024-03-14,187.05999755859375,142.0269012451172,489.3352355957031,419.7479553222656,87.89915466308594
2024-03-15,191.05999755859375,140.12127685546875,481.64447021484375,411.06121826171875,87.79220581054688
2024-03-18,190.64999389648438,146.572509765625,494.4591064453125,411.9496154785156,88.40989685058594
2024-03-19,181.4199981689453,145.9274139404297,493.72283935546875,415.9870300292969,89.35243225097656
2024-03-20,179.72999572753906,147.62461853027344,502.9557800292969,419.7578125,90.32592010498047
2024-03-21,178.67999267578125,146.49313354492188,505.1844177246094,423.84454345703125,91.38837432861328
2024-03-22,179.64999389648438,149.63937377929688,506.9951477050781,423.22265625,94.24092102050781
2024-03-25,178.6300048828125,148.94464111328125,500.46844482421875,417.4183044433594,94.95355224609375
2024-03-26,177.8699951171875,149.5401153564453,493.3746032714844,416.223876953125,92.5137939453125
2024-03-27,179.58999633789062,149.7386016845703,491.3548889160156,416.0067443847656,90.2039794921875
2024-03-28,180.49000549316406,149.79815673828125,483.1169128417969,415.3058776855469,90.3099365234375
2024-04-01,183.33999633789062,154.323974609375,488.857666015625,419.1063232421875,90.3169174194336
2024-04-02,178.6999969482422,153.4009552001953,494.84710693359375,416.0166015625,89.40638732910156
2024-04-03,180.77000427246094,153.7582550048828,504.1695556640625,415.0393371582031,88.91864013671875
2024-04-04,165.8300018310547,149.4011688232422,508.3283996582031,412.5024108886719,85.8611831665039
2024-04-05,170.4199981689453,151.35638427734375,524.6651000976562,420.0440673828125,87.96311950683594
2024-04-08,169.89999389648438,153.6887664794922,516.6161499023438,419.1260681152344,87.08856201171875
2024-04-09,170.77999877929688,155.42567443847656,514.278076171875,420.7942810058594,85.31045532226562
2024-04-10,167.13999938964844,154.96908569335938,517.1932373046875,417.81317138671875,86.99461364746094
2024-04-11,170.5,158.214599609375,520.5062866210938,422.4230651855469,90.5698013305664
2024-04-12,163.27999877929688,156.54718017578125,509.30340576171875,416.470703125,88.14103698730469
2024-04-15,160.32000732421875,153.6986846923828,497.692626953125,408.3169860839844,85.95714569091797
2024-04-16,163.4600067138672,153.24215698242188,497.22503662109375,409.244873046875,87.37042236328125
2024-04-17,154.02000427246094,154.3041229248047,491.66339111328125,406.5401611328125,83.99214935302734
2024-04-18,155.0800018310547,154.840087890625,499.254638671875,399.0675964355469,84.62782287597656
2024-04-19,146.63999938964844,152.93447875976562,478.62982177734375,393.9837951660156,76.16114807128906
2024-04-22,148.63999938964844,155.10804748535156,479.2864685058594,395.8001708984375,79.47745513916016
2024-04-23,152.27000427246094,157.07321166992188,493.5835876464844,402.3251037597656,82.38097381591797
2024-04-24,151.74000549316406,157.9366912841797,490.9967956542969,403.79583740234375,79.63636779785156
2024-04-25,153.75999450683594,154.8301544189453,439.14117431640625,393.9048767089844,82.58987426757812
2024-04-26,157.39999389648438,170.66053771972656,441.04144287109375,401.0911560058594,87.69026947021484
2024-04-29,160.1999969482422,164.9040069580078,430.4255676269531,397.0735778808594,87.7122573852539
2024-04-30,158.3800048828125,161.55931091308594,427.988037109375,384.3197937011719,86.35794830322266
2024-05-01,144.27000427246094,162.63121032714844,436.9622497558594,389.8576354980469,82.99864959716797
2024-05-02,146.16000366210938,165.37049865722656,439.4395751953125,392.7203063964844,85.77323913574219
2024-05-03,150.60000610351562,165.98585510253906,449.6674499511719,401.4267883300781,88.74372100830078
2024-05-06,155.77999877929688,166.8394012451172,463.3178405761719,408.21826171875,92.09300994873047
2024-05-07,154.42999267578125,169.9657745361328,465.8648681640625,404.0722961425781,90.50782775878906
2024-05-08,153.6199951171875,168.1098175048828,470.2027893066406,405.2568664550781,90.36589813232422
2024-05-09,152.38999938964844,168.6854705810547,473.0084533691406,407.01397705078125,88.70175170898438
2024-05-10,151.9199981689453,167.38526916503906,473.7845458984375,409.40283203125,89.83216094970703
2024-05-13,150.55999755859375,167.87161254882812,465.63604736328125,408.39593505859375,90.3529052734375
2024-05-14,153.16000366210938,169.06260681152344,469.4565734863281,411.19940185546875,91.3094253540039
2024-05-15,159.6699981689453,171.21633911132812,479.097412109375,418.3887634277344,94.58174133300781
2024-05-16,162.6199951171875,172.87380981445312,470.82958984375,416.32196044921875,94.31088256835938
2024-05-17,164.47000122070312,174.7397003173828,469.51629638671875,415.5506286621094,92.43183898925781
2024-05-20,166.3300018310547,175.59327697753906,466.4618225097656,420.6237487792969,94.73167419433594
2024-05-21,164.66000366210938,176.51629638671875,462.273193359375,424.2826843261719,95.33735656738281
2024-05-22,165.52000427246094,175.05731201171875,465.40716552734375,425.7463073730469,94.9015884399414
2024-05-23,160.42999267578125,172.24853515625,463.4173583984375,422.2653503417969,103.74607849121094
2024-05-24,166.36000061035156,173.677734375,475.7942810058594,425.3902587890625,106.41470336914062
2024-05-28,171.61000061035156,175.07717895507812,477.48565673828125,425.5485534667969,113.8429183959961
2024-05-29,165.13999938964844,174.5808868408203,471.9538269042969,424.4112854003906,114.76644134521484
2024-05-30,166.75,170.8193359375,464.680908203125,410.0720520019531,110.44365692138672
2024-05-31,166.89999389648438,171.20640563964844,464.4620056152344,410.5269775390625,109.57709503173828
2024-06-03,163.5500030517578,171.87136840820312,475.0679931640625,408.9347839355469,114.94135284423828
2024-06-04,159.99000549316406,172.4867401123047,474.57049560546875,411.45654296875,116.37763977050781
2024-06-05,166.1699981689453,174.09457397460938,492.5487976074219,419.3085021972656,122.3775634765625
2024-06-06,166.77999877929688,175.40467834472656,491.2554626464844,419.81280517578125,120.93629455566406
2024-06-07,167.8699951171875,173.1517333984375,490.4595031738281,419.1502685546875,120.82635498046875
2024-06-10,160.33999633789062,173.89695739746094,500.0506286621094,423.12567138671875,121.72789764404297
2024-06-11,158.9600067138672,175.49668884277344,504.8959045410156,427.88232421875,120.8582763671875
2024-06-12,160.24000549316406,176.65927124023438,506.25897216796875,436.16943359375,125.14643096923828
2024-06-13,159.89999389648438,174.0459747314453,501.5429992675781,436.68365478515625,129.55453491210938
2024-06-14,159.6300048828125,175.6656036376953,502.1007080078125,437.66265869140625,131.82359313964844
2024-06-17,158.39999389648438,176.11276245117188,504.5606384277344,443.3984069824219,130.92396545410156
2024-06-18,154.6300048828125,173.9764404296875,497.44976806640625,441.3908996582031,135.52200317382812
2024-06-20,161.77999877929688,175.17874145507812,499.6507873535156,440.75799560546875,130.7240447998047
2024-06-21,161.22999572753906,178.48756408691406,492.759033203125,444.7927551269531,126.5158462524414
2024-06-24,160.25,178.0801544189453,496.87213134765625,442.7061462402344,118.05945587158203
2024-06-25,160.25,182.8595733642578,508.514404296875,445.9497985839844,126.03604125976562
2024-06-26,157.5399932861328,182.7105255126953,511.02410888671875,447.1463623046875,126.34593200683594
2024-06-27,159.47000122070312,184.23080444335938,517.4378051757812,447.8287048339844,123.93695831298828
2024-06-28,162.2100067138672,180.99151611328125,502.1604919433594,441.994140625,123.48714447021484
2024-07-01,157.69000244140625,181.82620239257812,502.6185607910156,451.66571044921875,124.246826171875
2024-07-02,164.30999755859375,184.06187438964844,507.41888427734375,454.1874084472656,122.61751556396484
2024-07-03,163.89999389648438,184.63818359375,507.8769836425781,455.6608581542969,128.22511291503906
2024-07-05,171.89999389648438,189.38778686523438,537.7047119140625,462.37554931640625,125.77616119384766
2024-07-08,178.69000244140625,187.82777404785156,527.157958984375,461.0702209472656,128.14512634277344
2024-07-09,177.10000610351562,187.77809143066406,527.8351440429688,454.4444885253906,131.3238067626953
2024-07-10,183.9600067138672,189.96408081054688,532.5059814453125,461.0801086425781,134.852294921875
2024-07-11,181.94000244140625,184.38980102539062,510.6058349609375,449.6581726074219,127.34550476074219
2024-07-12,181.61000061035156,183.89295959472656,496.832275390625,448.5209045410156,129.18472290039062
2024-07-15,179.8300018310547,185.34368896484375,494.1333923339844,448.9264221191406,128.38507080078125
2024-07-16,177.5500030517578,182.75025939941406,487.7894287109375,444.53564453125,126.3059310913086
2024-07-17,159.42999267578125,179.8687286376953,460.1029357910156,438.60211181640625,117.93950653076172
2024-07-18,155.77000427246094,176.55990600585938,473.9063415527344,435.4870910644531,121.0381851196289
2024-07-19,151.5800018310547,176.53009033203125,474.8424987792969,432.26324462890625,117.87955474853516
2024-07-22,155.8699951171875,180.5145721435547,485.4091796875,438.028564453125,123.48714447021484
2024-07-23,154.0,180.63380432128906,486.69390869140625,439.91741943359375,122.53755187988281
2024-07-24,144.6300048828125,171.53207397460938,459.3858947753906,424.1442565917969,114.20111846923828
2024-07-25,138.32000732421875,166.21609497070312,451.5580139160156,413.7606201171875,112.2319564819336
2024-07-26,139.99000549316406,165.9378662109375,463.7978210449219,420.55450439453125,113.0116195678711
2024-07-29,139.75,168.4517822265625,463.8077697753906,421.9983215332031,111.5422592163086
2024-07-30,138.44000244140625,169.2069549560547,461.2980651855469,418.2305603027344,103.68562316894531
2024-07-31,144.47999572753906,170.44900512695312,472.8905029296875,413.7112121582031,116.96992492675781
2024-08-01,132.5399932861328,169.6739501953125,495.7069396972656,412.4849853515625,109.16327667236328
2024-08-02,132.5,165.6000518798828,486.1461486816406,403.9605407714844,107.22410583496094
2024-08-05,134.82000732421875,158.2371826171875,473.7868347167969,390.7684631347656,100.40702056884766
2024-08-06,130.17999267578125,157.2832794189453,492.07183837890625,395.1790466308594,104.20539855957031
2024-08-07,128.6699981689453,157.9291229248047,486.9229736328125,394.0120849609375,98.86768341064453
2024-08-08,136.32000732421875,160.99949645996094,507.5483703613281,398.2248840332031,104.92508697509766
2024-08-09,134.27000427246094,162.62905883789062,515.6551513671875,401.5179443359375,104.70518493652344
2024-08-12,136.77000427246094,161.25784301757812,513.842529296875,402.2991638183594,108.97335815429688
2024-08-13,141.1300048828125,163.1159210205078,526.381103515625,409.4194030761719,116.0903091430664
2024-08-14,140.75,159.35006713867188,524.6084594726562,412.2377624511719,118.02949523925781
2024-08-15,147.36000061035156,160.27413940429688,535.13525390625,417.1119689941406,122.80744171142578
2024-08-16,148.55999755859375,161.92356872558594,525.2656860351562,414.5757751464844,124.52669525146484
2024-08-19,155.27999877929688,165.6099853515625,527.1181030273438,417.6072998046875,129.94439697265625
2024-08-20,156.39999389648438,166.1167449951172,524.5784301757812,420.8468933105469,127.195556640625
2024-08-21,157.80999755859375,164.79519653320312,532.9739990234375,420.1930847167969,128.4450225830078
2024-08-22,151.6999969482422,162.75823974609375,529.7572631835938,411.6829833984375,123.68706512451172
2024-08-23,154.97999572753906,164.566650390625,525.8433227539062,412.9114074707031,129.31463623046875
2024-08-26,149.99000549316406,165.1032257080078,518.991455078125,409.64215087890625,126.40589904785156
2024-08-27,150.5,163.6326141357422,516.9796752929688,409.9888916015625,128.2451171875
2024-08-28,146.36000061035156,161.81430053710938,514.6691284179688,406.779052734375,125.55626678466797
2024-08-29,145.49000549316406,160.75106811523438,516.1032104492188,409.2755432128906,117.53968811035156
2024-08-30,148.55999755859375,162.34092712402344,519.1806640625,413.2582092285156,119.31893157958984
2024-09-03,136.94000244140625,156.35919189453125,509.669677734375,405.62982177734375,107.95378875732422
2024-09-04,140.8699951171875,155.45498657226562,510.64569091796875,405.0948791503906,106.16455841064453
2024-09-05,139.44000244140625,156.23995971679688,514.748779296875,404.589599609375,107.16413116455078
2024-09-06,134.35000610351562,149.9601593017578,498.2265625,397.9618225097656,102.78600311279297
2024-09-09,138.14999389648438,147.9602813720703,502.7281494140625,401.9444580078125,106.42444610595703
2024-09-10,142.83999633789062,147.91053771972656,502.7281494140625,410.3455505371094,108.05374145507812
2024-09-11,149.86000061035156,150.39793395996094,509.7393798828125,419.1033020019531,116.85997772216797
2024-09-12,150.77000427246094,153.91014099121094,523.4531860351562,423.02642822265625,119.0992202758789
2024-09-13,152.30999755859375,156.66616821289062,522.4771728515625,426.5830078125,119.05921936035156
2024-09-16,152.0800018310547,157.2631378173828,531.6084594726562,427.3260192871094,116.7400131225586
2024-09-17,150.82000732421875,158.5167999267578,534.638916015625,431.1005859375,115.55043029785156
2024-09-18,148.2899932861328,159.0043487548828,536.2637939453125,426.80096435546875,113.33118438720703
2024-09-19,156.74000549316406,161.32257080078125,557.3474731445312,434.6076354980469,117.82964324951172
2024-09-20,155.9499969482422,162.76527404785156,559.5904541015625,431.2194519042969,115.96028900146484
2024-09-23,156.75,161.03404235839844,562.6408081054688,429.475830078125,116.22020721435547
2024-09-24,158.32000732421875,161.47183227539062,561.5642700195312,425.1762390136719,120.82862091064453
2024-09-25,162.02000427246094,160.67587280273438,566.5286254882812,428.0888671875,123.46772003173828
2024-09-26,167.49000549316406,161.9095916748047,566.0601196289062,427.2962951660156,123.99754333496094
2024-09-27,164.35000610351562,163.1234588623047,565.58154296875,424.03692626953125,121.35844421386719
2024-09-30,164.0800018310547,165.0138702392578,570.6456909179688,426.29571533203125,121.39842987060547
2024-10-01,159.75,166.14813232421875,574.6630249023438,416.775146484375,116.95994567871094
2024-10-02,159.77999877929688,165.02381896972656,571.0145874023438,413.248291015625,118.80931091308594
2024-10-03,162.85000610351562,165.02381896972656,580.943359375,412.6637878417969,122.80794525146484
2024-10-04,170.89999389648438,166.21775817871094,594.072021484375,412.1882629394531,124.87723541259766
2024-10-07,170.97000122070312,162.15834045410156,582.947021484375,405.7289123535156,127.67627716064453
2024-10-08,172.8000030517578,163.55130004882812,591.0315551757812,410.8507995605469,132.84449768066406
2024-10-09,171.02000427246094,161.0439910888672,588.6589965820312,413.5751953125,132.60458374023438
2024-10-10,164.17999267578125,161.2628936767578,581.9999389648438,411.9702453613281,134.76385498046875
2024-10-11,167.88999938964844,162.4170379638672,588.100830078125,412.4458312988281,134.7538604736328
2024-10-14,165.27000427246094,164.1283721923828,588.5692749023438,415.2395935058594,138.0227508544922
2024-10-15,156.63999938964844,164.62583923339844,584.4323120117188,414.8432922363281,131.55496215820312
2024-10-16,156.1300048828125,164.32736206054688,574.9820556640625,412.2476501464844,135.6735382080078
2024-10-17,156.25,162.10858154296875,575.12158203125,412.84210205078125,136.8831329345703
2024-10-18,155.97000122070312,162.59613037109375,574.6630249023438,414.2687072753906,137.9527587890625
2024-10-21,157.89999389648438,163.24285888671875,573.3571166992188,414.8829345703125,143.6608123779297
2024-10-22,154.08999633789062,164.30743408203125,580.1856689453125,423.53167724609375,143.54086303710938
2024-10-23,152.91000366210938,161.9593505859375,561.923095703125,420.6487731933594,139.51222229003906
2024-10-24,153.44000244140625,161.89964294433594,566.0003662109375,420.7775573730469,140.3619384765625
2024-10-25,156.22999572753906,164.43679809570312,571.453125,424.1657409667969,141.49154663085938
2024-10-28,159.9199981689453,165.87950134277344,576.3477172851562,422.6202392578125,140.47189331054688
2024-10-29,166.25,168.82456970214844,591.42041015625,427.9303894042969,141.20164489746094
2024-10-30,148.60000610351562,173.58045959472656,589.9449462890625,428.50494384765625,139.29229736328125
2024-10-31,144.07000732421875,170.2473602294922,565.801025390625,402.568603515625,132.71456909179688
2024-11-01,141.86000061035156,170.42645263671875,565.3822021484375,406.5511779785156,135.35365295410156
2024-11-04,140.7100067138672,168.3867950439453,558.9224853515625,404.6589660644531,136.00343322753906
2024-11-05,141.66000366210938,168.88426208496094,570.6357421875,407.63104248046875,139.8621063232422
2024-11-06,145.10000610351562,175.6201171875,570.2568969726562,416.2698669433594,145.5601348876953
2024-11-07,149.82000732421875,179.83876037597656,589.8453369140625,421.47100830078125,148.8290557861328
2024-11-08,147.9499969482422,177.4508514404297,587.4927368164062,418.6079406738281,147.5794677734375
2024-11-11,147.35000610351562,179.44078063964844,581.342041015625,414.1200866699219,145.21026611328125
2024-11-12,143.6300048828125,180.70436096191406,582.9868774414062,419.09332275390625,148.2392120361328
2024-11-13,139.3000030517578,177.9781951904297,578.1820068359375,421.2431640625,146.21990966796875
2024-11-14,138.83999633789062,174.69482421875,575.350830078125,422.91748046875,146.70974731445312
2024-11-15,134.89999389648438,171.6204071044922,552.3432006835938,411.1380920410156,141.93138122558594
2024-11-18,138.92999267578125,174.41624450683594,552.6621704101562,411.89105224609375,140.1020050048828
2024-11-19,139.38999938964844,177.22201538085938,559.331298828125,413.90216064453125,146.9596710205078
2024-11-20,137.60000610351562,175.09278869628906,563.7474365234375,411.6235046386719,145.84005737304688
2024-11-21,137.49000549316406,166.78489685058594,561.3250122070312,409.84661865234375,146.6197967529297
2024-11-22,138.35000610351562,163.9293670654297,557.3873901367188,413.9463806152344,141.90139770507812
2024-11-25,141.1300048828125,166.80479431152344,563.3386840820312,415.7232971191406,135.97344970703125
2024-11-26,137.72000122070312,168.2673797607422,571.7422485351562,424.8559265136719,136.87313842773438
2024-11-27,136.24000549316406,168.3768310546875,567.4158325195312,419.8925476074219,135.2936553955078
2024-11-29,137.17999267578125,168.09823608398438,572.5198364257812,420.3591003417969,138.2026824951172
2024-12-02,142.05999755859375,170.62545776367188,590.9718017578125,427.8240661621094,138.58253479003906
2024-12-03,141.97999572753906,170.47621154785156,611.7265625,428.04241943359375,140.2119903564453
2024-12-04,143.99000549316406,173.49090576171875,611.8560791015625,434.2168884277344,145.09033203125
2024-12-05,141.36000061035156,171.7696533203125,607.0213012695312,439.3787841796875,145.0203399658203
2024-12-06,138.58999633789062,173.8292236328125,621.8148193359375,440.32183837890625,142.4010467529297
2024-12-09,130.8699951171875,174.6858367919922,611.6467895507812,442.7538757324219,138.77203369140625
2024-12-10,127.73999786376953,184.44760131835938,617.3787841796875,440.0835876464844,135.03306579589844
2024-12-11,130.14999389648438,194.6376953125,630.6968383789062,445.7021484375,139.2718963623047
2024-12-12,130.60000610351562,191.2111358642578,628.8128051757812,446.2679748535156,137.3024444580078
2024-12-13,126.91000366210938,189.07948303222656,618.405517578125,443.9947204589844,134.21328735351562
2024-12-16,126.69000244140625,195.89280700683594,622.7852783203125,448.2830810546875,131.96388244628906
2024-12-17,125.0199966430664,194.6576385498047,617.9964599609375,451.1320495605469,130.35433959960938
2024-12-18,121.41000366210938,187.66502380371094,595.79833984375,434.1871337890625,128.874755859375
2024-12-19,118.87999725341797,187.7745819091797,594.1820678710938,433.8297119140625,130.6442413330078
2024-12-20,119.20999908447266,190.66326904296875,583.8861083984375,433.4029235839844,134.6631622314453
2024-12-23,124.5999984741211,193.87071228027344,598.4520874023438,432.0627746582031,139.63180541992188
2024-12-24,126.29000091552734,195.34495544433594,606.3336791992188,436.11285400390625,140.18165588378906
2024-12-26,125.05999755859375,194.83694458007812,601.9439697265625,434.9018249511719,139.89173889160156
2024-12-27,125.19000244140625,192.0080108642578,598.4122314453125,427.3773193359375,136.9725341796875
2024-12-30,122.44000244140625,190.4939422607422,589.8621215820312,421.71905517578125,137.452392578125
2024-12-31,120.79000091552734,188.56150817871094,584.1455688476562,418.4134521484375,134.25328063964844
2025-01-02,120.62999725341797,188.6909942626953,597.843505859375,415.51483154296875,138.2721710205078
2025-01-03,125.37000274658203,191.0417938232422,603.220947265625,420.2498779296875,144.4304962158203
2025-01-06,129.5500030517578,196.1019744873047,628.7313842773438,424.7169494628906,149.38912963867188
2025-01-07,127.33000183105469,194.72735595703125,616.4500732421875,419.2770690917969,140.10166931152344
2025-01-08,121.83999633789062,193.193359375,609.2967529296875,421.4510192871094,140.07168579101562
2025-01-10,116.04000091552734,191.2908172607422,614.4247436523438,415.8821105957031,135.8728485107422
2025-01-13,117.31999969482422,190.26483154296875,606.912353515625,414.135009765625,133.19357299804688
2025-01-14,116.08999633789062,188.9201202392578,592.8651123046875,412.62615966796875,131.7239532470703
2025-01-15,119.95999908447266,194.78712463378906,615.6818237304688,423.1882019042969,136.2027587890625
2025-01-16,118.44000244140625,192.1574249267578,609.8754272460938,421.4708557128906,133.5334930419922
2025-01-17,121.45999908447266,195.23536682128906,611.3419799804688,425.8883056640625,137.67234802246094
2025-01-21,122.27999877929688,197.27737426757812,615.0234375,425.3622131347656,140.79148864746094
2025-01-22,123.75,197.59613037109375,622.0469970703125,442.9325866699219,147.02981567382812
2025-01-23,123.04000091552734,197.2076416015625,634.966796875,443.4388122558594,147.17974853515625
2025-01-24,122.83999633789062,199.428955078125,645.9811401367188,440.8082580566406,142.58099365234375
2025-01-27,115.01000213623047,191.06170654296875,658.3422241210938,431.3778076171875,118.38761138916016
2025-01-28,114.16999816894531,194.53810119628906,672.758544921875,443.9252624511719,128.95472717285156
2025-01-29,117.3499984741211,194.64767456054688,674.9135131835938,439.09088134765625,123.66617584228516
2025-01-30,118.86000061035156,200.08636474609375,685.3990478515625,411.95111083984375,124.61592102050781
2025-01-31,115.94999694824219,203.22409057617188,687.5739135742188,412.0205993652344,120.03717041015625
2025-02-03,114.2699966430664,200.44496154785156,695.8346557617188,407.9109802246094,116.62810516357422
2025-02-04,119.5,205.57489013671875,702.5488891601562,409.3503112792969,118.6175537109375
2025-02-05,112.01000213623047,190.58358764648438,703.2274169921875,410.2635803222656,124.79586791992188
2025-02-06,110.16000366210938,190.8525390625,710.3307495117188,412.7750244140625,128.64480590820312
2025-02-07,107.55999755859375,184.61695861816406,712.8548583984375,406.7494812011719,129.80447387695312
2025-02-10,110.4800033569336,185.7425537109375,715.7281494140625,409.201416015625,133.5334930419922
2025-02-11,111.0999984741211,184.59703063964844,718.12255859375,408.4271240234375,132.76370239257812
2025-02-12,111.72000122070312,182.89370727539062,723.6895751953125,406.044677734375,131.10415649414062
2025-02-13,111.80999755859375,185.41383361816406,726.8621826171875,407.53369140625,135.25299072265625
2025-02-14,113.0999984741211,184.5074005126953,734.9532470703125,405.43914794921875,138.81202697753906
2025-02-18,114.27999877929688,183.05308532714844,714.7005615234375,406.6402893066406,139.36187744140625
2025-02-19,114.69000244140625,184.54722595214844,702.1300048828125,411.73272705078125,139.19192504882812
2025-02-20,114.16999816894531,183.83999633789062,693.2207641601562,413.91107177734375,140.07168579101562
2025-02-21,110.83999633789062,178.95912170410156,681.95703125,406.03326416015625,134.3932342529297
2025-02-24,108.11000061035156,178.5507049560547,666.572998046875,401.8457336425781,130.244384765625
2025-02-25,103.95999908447266,174.7356414794922,655.9677734375,395.7782287597656,126.59537506103516
2025-02-26,104.73999786376953,172.05613708496094,672.1300048828125,397.5985107421875,131.24411010742188
2025-02-27,99.51000213623047,167.8426513671875,656.7059936523438,390.4369201660156,120.11714935302734
2025-02-28,99.86000061035156,169.61570739746094,666.642822265625,394.87310791015625,124.8858413696289
2025-03-03,98.2300033569336,166.35845947265625,653.5234375,386.4184265136719,114.02880859375
2025-03-04,100.75,170.2532196044922,638.5086059570312,386.53778076171875,115.95828247070312
2025-03-05,101.66999816894531,172.3450164794922,654.9401245117188,398.8816223144531,117.2679214477539
2025-03-06,98.8499984741211,171.6776580810547,626.4666748046875,394.773681640625,110.53976440429688
2025-03-07,100.30999755859375,173.18174743652344,624.201904296875,391.2127380371094,112.65918731689453
2025-03-10,96.62999725341797,165.41319274902344,596.596435546875,378.13287353515625,106.95075225830078
2025-03-11,96.76000213623047,163.58824157714844,604.2984619140625,378.42132568359375,108.73026275634766
2025-03-12,100.79000091552734,166.6497802734375,618.1161499023438,381.2262878417969,115.71900177001953
2025-03-13,98.11000061035156,162.31175231933594,589.2636108398438,376.750244140625,115.55902862548828
2025-03-14,100.97000122070312,165.0342559814453,606.7233276367188,386.4880676269531,121.64791870117188
2025-03-17,104.58999633789062,163.83755493164062,604.0272216796875,386.6273193359375,119.50830841064453
2025-03-18,103.51000213623047,160.22750854492188,581.5197143554688,381.47491455078125,115.40904998779297
2025-03-19,106.2300033569336,163.4386444091797,583.2173461914062,385.7520446777344,117.49867248535156
2025-03-20,107.13999938964844,162.35166931152344,585.1544799804688,384.7772216796875,118.50848388671875
2025-03-21,106.44000244140625,163.53839111328125,595.3897094726562,389.1736755371094,117.67863464355469
2025-03-24,113.8499984741211,167.2182159423828,617.9570922851562,390.98394775390625,121.38796997070312
2025-03-25,114.80999755859375,170.09027099609375,625.4063720703125,393.0528869628906,120.66809844970703
2025-03-26,110.19000244140625,164.60543823242188,610.0984497070312,387.89056396484375,113.7393569946289
2025-03-27,106.6500015258789,161.793212890625,601.7106323242188,388.4972839355469,111.40978240966797
2025-03-28,103.22000122070312,153.90499877929688,575.9078979492188,376.78009033203125,109.65010070800781
2025-03-31,102.73999786376953,154.21412658691406,575.5284423828125,373.3883056640625,108.3603286743164
2025-04-01,102.77999877929688,156.637451171875,585.1544799804688,380.15203857421875,110.1300048828125
2025-04-02,102.95999908447266,156.6074981689453,583.0874633789062,380.1023254394531,110.39995574951172
2025-04-03,93.80000305175781,150.30491638183594,530.8529663085938,371.12042236328125,101.78152465820312
2025-04-04,85.76000213623047,145.19903564453125,504.0018005371094,357.9212341308594,94.29288482666016
2025-04-07,83.63999938964844,146.34585571289062,515.505126953125,355.9517822265625,97.62227630615234
2025-04-08,78.20999908447266,144.30149841308594,509.7135314941406,352.66937255859375,96.28252410888672
2025-04-09,96.83999633789062,158.27293395996094,584.9248657226562,388.4077453613281,114.30924987792969
2025-04-10,88.69999694824219,152.39913940429688,545.5017700195312,379.3165283203125,107.55047607421875
2025-04-11,93.4000015258789,156.70724487304688,542.7857055664062,386.3786926269531,110.90986633300781
2025-04-14,94.5,158.63192749023438,530.7131958007812,385.7420654296875,110.68990325927734
2025-04-15,95.29000091552734,155.87953186035156,520.767578125,383.6731872558594,112.17963409423828
2025-04-16,88.29000091552734,152.90773010253906,501.58526611328125,369.6284484863281,104.47103881835938
2025-04-17,87.5,150.74371337890625,500.7565002441406,365.8188781738281,101.47157287597656
2025-04-21,85.55999755859375,147.26332092285156,483.9607238769531,357.2050476074219,96.89241790771484
2025-04-22,86.26000213623047,151.0528564453125,499.5581970214844,364.864013671875,98.8720474243164
2025-04-23,90.38999938964844,154.92218017578125,519.5194091796875,372.39361572265625,102.69136047363281
2025-04-24,94.47000122070312,158.8413543701172,532.3807983398438,385.2347717285156,106.41068267822266
2025-04-25,96.6500015258789,161.51397705078125,546.4804077148438,389.7605285644531,110.98986053466797
2025-04-28,96.38999938964844,160.1676788330078,548.9468383789062,389.0741882324219,108.71027374267578
2025-04-29,96.05999755859375,159.71893310546875,553.6400756835938,391.9388732910156,109.00021362304688
2025-04-30,97.3499984741211,158.36268615722656,548.2078857421875,393.15234375,108.90023040771484
2025-05-01,96.6500015258789,160.8557891845703,571.3844604492188,423.1316223144531,111.5897445678711
2025-05-02,98.80000305175781,163.57826232910156,596.1586303710938,432.9589538574219,114.4792251586914
2025-05-05,100.58999633789062,163.7577667236328,598.4053955078125,433.8442077636719,113.79934692382812
2025-05-06,98.62000274658203,162.7804718017578,586.462646484375,430.99945068359375,113.51940155029297
2025-05-07,100.36000061035156,150.96310424804688,595.9489135742188,431.03924560546875,117.03875732421875
2025-05-08,101.69999694824219,153.85513305664062,597.147216796875,435.83355712890625,117.34870910644531
2025-05-09,102.83999633789062,152.32933044433594,591.6351928710938,436.39056396484375,116.62882995605469
2025-05-12,108.12000274658203,158.0236053466797,638.5074462890625,446.8643798828125,122.9776840209961
2025-05-13,112.45999908447266,159.09066772460938,655.08349609375,446.74505615234375,129.9064178466797
2025-05-14,117.72000122070312,164.91458129882812,658.40869140625,450.5247802734375,135.3154296875
2025-05-15,114.98999786376953,163.5084686279297,642.9510498046875,451.54119873046875,134.80552673339844
2025-05-16,117.16999816894531,165.73231506347656,639.4161376953125,452.6772155761719,135.37542724609375
2025-05-19,114.73999786376953,166.0813446044922,639.5059814453125,457.26104736328125,135.54539489746094
2025-05-20,113.51000213623047,163.5283966064453,636.1807861328125,456.56353759765625,134.35560607910156
2025-05-21,112.05999755859375,168.09579467773438,634.5830688476562,450.983154296875,131.7760772705078
2025-05-22,110.70999908447266,170.39942932128906,635.6515502929688,453.26513671875,132.80589294433594
2025-05-23,110.30999755859375,168.00604248046875,626.1552124023438,448.6015625,131.26617431640625
2025-05-27,114.55999755859375,172.423828125,641.3932495117188,459.0746765136719,135.47540283203125
2025-05-28,112.86000061035156,171.8853302001953,642.6514282226562,455.7563781738281,134.78553771972656
2025-05-29,113.02999877929688,171.38670349121094,644.1193237304688,457.0717468261719,139.1647491455078
2025-05-30,110.7300033569336,171.2670440673828,646.5557861328125,458.7458190917969,135.10548400878906
2025-06-02,114.62999725341797,168.5644989013672,669.9320678710938,460.3502197265625,137.35507202148438
2025-06-03,117.30999755859375,165.7223358154297,665.8878784179688,461.3467102050781,141.19436645507812
2025-06-04,118.58000183105469,167.5872039794922,686.9574584960938,462.2435302734375,141.8942413330078
2025-06-05,115.69000244140625,167.74676513671875,683.6322021484375,466.0401611328125,139.964599609375
2025-06-06,116.19000244140625,173.20169067382812,696.703369140625,468.730712890625,141.69427490234375
2025-06-09,121.7300033569336,175.817626953125,693.05859375,471.0924072265625,142.6041259765625
2025-06-10,123.23999786376953,178.3237762451172,701.3865966796875,469.2688293457031,143.9338836669922
2025-06-11,121.13999938964844,177.07569885253906,693.1384887695312,470.9628601074219,142.81399536132812
2025-06-12,118.5,175.42823791503906,692.359619140625,477.1909484863281,144.98374938964844
2025-06-13,116.16000366210938,174.39984130859375,681.884765625,473.2946472167969,141.95408630371094
2025-06-16,126.38999938964844,176.49659729003906,701.6464233398438,477.46002197265625,144.6737823486328
2025-06-17,127.0999984741211,175.6778564453125,696.7597045898438,476.3638610839844,144.1038360595703
2025-06-18,126.79000091552734,173.05194091796875,695.3007202148438,478.5561218261719,145.46368408203125
2025-06-20,128.24000549316406,166.38226318359375,681.8897094726562,475.7261047363281,143.83387756347656
2025-06-23,129.5800018310547,164.9344940185547,698.0588989257812,484.2959289550781,144.15383911132812
2025-06-24,138.42999267578125,166.51206970214844,711.7196655273438,488.3915100097656,147.88340759277344
2025-06-25,143.39999389648438,170.41600036621094,708.2020263671875,490.5439453125,154.29270935058594
2025-06-26,143.67999267578125,173.27159118652344,725.6002807617188,495.705810546875,155.00262451171875
2025-06-27,143.80999755859375,178.25387573242188,733.1351928710938,494.20111083984375,157.73231506347656
2025-06-30,141.89999389648438,175.95741271972656,737.5922241210938,495.66595458984375,157.97230529785156
2025-07-01,136.11000061035156,175.56802368164062,718.73486328125,490.3247375488281,153.2828369140625
2025-07-02,138.52000427246094,178.3636932373047,713.0886840820312,489.36810302734375,157.2323760986328
2025-07-03,137.91000366210938,179.2523193359375,718.5250244140625,497.0909423828125,159.3221435546875
2025-07-07,134.8000030517578,176.5165557861328,717.865478515625,495.974853515625,158.22227478027344
2025-07-08,137.82000732421875,174.09031677246094,720.1838989257812,494.8786926269531,159.98207092285156
2025-07-09,138.41000366210938,176.34681701660156,732.2857666015625,501.74456787109375,162.86175537109375
2025-07-10,144.16000366210938,177.34527587890625,726.7494506835938,499.7216796875,164.0816192626953
2025-07-11,146.4199981689453,179.91131591796875,717.0260620117188,501.55523681640625,164.90151977539062
2025-07-14,146.24000549316406,181.2791748046875,720.4337158203125,501.2562561035156,164.05162048339844
2025-07-15,155.61000061035156,181.718505859375,709.910888671875,504.04644775390625,170.6808624267578
2025-07-16,160.0800018310547,182.68701171875,702.4358520507812,503.8471374511719,171.35079956054688
2025-07-17,160.41000366210938,183.29605102539062,700.9368896484375,509.9058532714844,172.98062133789062
2025-07-18,156.99000549316406,184.77377319335938,703.8049926757812,508.2616271972656,172.39068603515625
2025-07-21,157.0,189.8059844970703,712.4890747070312,508.2715759277344,171.36080932617188
2025-07-22,154.72000122070312,191.04405212402344,704.3345947265625,503.4983825683594,167.01129150390625
2025-07-23,158.64999389648438,189.93577575683594,713.0986938476562,504.0962829589844,170.7608642578125
2025-07-24,162.1199951171875,191.8727569580078,714.31787109375,509.0887145996094,173.7205352783203
2025-07-25,166.47000122070312,192.88119506835938,712.1992797851562,511.9088439941406,173.48056030273438
2025-07-28,173.66000366210938,192.28213500976562,717.14599609375,510.7030334472656,176.73019409179688
2025-07-29,177.44000244140625,195.44723510742188,699.52783203125,510.7727966308594,175.49032592773438
2025-07-30,179.50999450683594,196.2260284423828,694.7410888671875,511.4404296875,179.2499237060547
2025-07-31,176.30999755859375,191.60317993164062,772.9183349609375,531.62939453125,177.85006713867188
2025-08-01,171.6999969482422,188.8374786376953,749.504150390625,522.2723388671875,173.70053100585938
2025-08-04,176.77999877929688,194.7383270263672,775.8463745117188,533.7619018554688,179.97982788085938
2025-08-05,174.30999755859375,194.368896484375,762.945068359375,525.8995361328125,178.24002075195312
2025-08-06,163.1199951171875,195.78671264648438,771.4692993164062,523.0994262695312,179.39988708496094
2025-08-07,172.39999389648438,196.21604919433594,761.316162109375,519.0138549804688,180.74974060058594
2025-08-08,172.75999450683594,201.10845947265625,768.7811279296875,520.2095947265625,182.6795196533203
2025-08-11,172.27999877929688,200.68911743164062,765.3534545898438,519.9405517578125,182.0395965576172
2025-08-12,174.9499969482422,203.02549743652344,789.4671630859375,527.3843383789062,183.1394805908203
2025-08-13,184.4199981689453,201.6476287841797,779.5538940429688,518.7547607421875,181.56964111328125
2025-08-14,180.9499969482422,202.62611389160156,781.6024780273438,520.6480102539062,181.99960327148438
2025-08-15,177.50999450683594,203.58462524414062,784.7003784179688,518.3461303710938,180.42977905273438
2025-08-18,176.13999938964844,203.18524169921875,766.8524169921875,515.286865234375,181.98959350585938
2025-08-19,166.5500030517578,201.25823974609375,750.97314453125,507.98260498046875,175.6203155517578
2025-08-20,165.1999969482422,199.01171875,747.2156372070312,503.9468078613281,175.38034057617188
2025-08-21,163.7100067138672,199.44105529785156,738.6014404296875,503.2980041503906,174.96038818359375
2025-08-22,167.75999450683594,205.771240234375,754.2808837890625,506.2824401855469,177.97006225585938
2025-08-25,163.36000061035156,208.1675262451172,752.7918701171875,503.3179931640625,179.78985595703125
2025-08-26,166.6199951171875,206.81961059570312,753.5913696289062,501.1021423339844,181.7496337890625
2025-08-27,167.1300048828125,207.15908813476562,746.8759155273438,505.7933349609375,181.57965087890625
2025-08-28,168.5800018310547,211.31265258789062,750.6033935546875,508.68792724609375,180.14981079101562
2025-08-29,162.6300048828125,212.58070373535156,738.2017822265625,505.7434387207031,174.1604766845703
2025-09-02,162.32000732421875,211.0231170654297,734.6141357421875,504.1763610839844,170.7608642578125
2025-09-03,162.1300048828125,230.30325317382812,736.5528564453125,504.40594482421875,170.60089111328125
2025-09-04,161.7899932861328,231.94070434570312,748.1450805664062,507.02105712890625,171.64077758789062
2025-09-05,151.13999938964844,234.63653564453125,751.9425048828125,494.0752868652344,167.0012969970703
2025-09-08,151.41000366210938,233.8870086669922,751.7925415039062,497.2693176269531,168.2911376953125
2025-09-09,155.82000732421875,239.47335815429688,765.1835327148438,497.4789123535156,170.74085998535156
2025-09-10,159.5399932861328,239.01365661621094,751.4727783203125,499.43524169921875,177.3101348876953
2025-09-11,155.6699981689453,240.21287536621094,750.3935546875,500.0740661621094,177.16014099121094
2025-09-12,158.57000732421875,240.64259338378906,755.0803833007812,508.94744873046875,177.8101043701172
2025-09-15,161.16000366210938,251.44552612304688,764.1842041015625,514.397216796875,177.74009704589844
2025-09-16,160.4600067138672,250.99581909179688,778.4745483398438,508.08905029296875,174.87026977539062
2025-09-17,159.16000366210938,249.36688232421875,775.19677734375,509.06719970703125,170.280517578125
2025-09-18,157.9199981689453,251.86524963378906,779.7237548828125,507.5001525878906,176.23019409179688
2025-09-19,157.38999938964844,254.55349731445312,777.85498046875,516.96240234375,176.66015625
2025-09-22,159.7899932861328,252.36492919921875,765.1599731445312,513.4889526367188,183.5997772216797
2025-09-23,160.89999389648438,251.49549865722656,755.4000244140625,508.2787170410156,178.42005920410156
2025-09-24,160.8800048828125,246.97845458984375,760.6599731445312,509.19696044921875,176.96014404296875
2025-09-25,161.27000427246094,245.6293182373047,748.9099731445312,506.0827941894531,177.68011474609375
2025-09-26,159.4600067138672,246.3788299560547,743.75,510.5045166015625,178.18008422851562
2025-09-29,161.36000061035156,243.89047241210938,743.4000244140625,513.6386108398438,181.8398895263672
2025-09-30,161.7899932861328,242.94110107421875,734.3800048828125,516.982421875,186.56961059570312
2025-10-01,164.00999450683594,244.7399139404297,717.3400268554688,518.7391357421875,187.22958374023438
2025-10-02,169.72999572753906,245.52940368652344,727.0499877929688,514.7765502929688,188.87948608398438
2025-10-03,164.6699981689453,245.1896209716797,710.5599975585938,516.3834838867188,187.6095428466797
2025-10-06,203.7100067138672,250.26629638671875,715.6599731445312,527.5825805664062,185.5296630859375
2025-10-07,211.50999450683594,245.59934997558594,713.0800170898438,523.0010986328125,185.02969360351562
2025-10-08,235.55999755859375,244.46009826660156,717.8400268554688,523.8695068359375,189.09947204589844
2025-10-09,232.88999938964844,241.3721160888672,733.510009765625,521.4241333007812,192.5592803955078
2025-10-10,214.89999389648438,236.4153594970703,705.2999877929688,510.0054626464844,183.14981079101562
2025-10-13,216.4199981689453,243.9904022216797,715.7000122070312,513.0896606445312,188.3095245361328
2025-10-14,218.08999633789062,245.28955078125,708.6500244140625,512.610595703125,180.0199737548828
2025-10-15,238.60000610351562,250.86590576171875,717.5499877929688,512.4708251953125,179.8199920654297
2025-10-16,234.55999755859375,251.29562377929688,712.0700073242188,510.65423583984375,181.7998809814453
2025-10-17,233.0800018310547,253.13442993164062,716.9199829101562,512.62060546875,183.20980834960938
2025-10-20,240.55999755859375,256.3822937011719,732.1699829101562,515.8245239257812,182.6298370361328
2025-10-21,238.02999877929688,250.29627990722656,733.27001953125,516.6929321289062,181.14991760253906
2025-10-22,230.22999572753906,251.52548217773438,733.4099731445312,519.5675659179688,180.26995849609375
2025-10-23,234.99000549316406,252.91456604003906,734.0,519.5875244140625,182.1498565673828
2025-10-24,252.9199981689453,259.7501220703125,738.3599853515625,522.6318359375,186.24961853027344
2025-10-27,259.6700134277344,269.0939636230469,750.8200073242188,530.527099609375,191.47933959960938
2025-10-28,258.010009765625,267.295166015625,751.4400024414062,541.057373046875,201.01881408691406
2025-10-29,264.3299865722656,274.3905334472656,751.6699829101562,540.538330078125,207.02847290039062
2025-10-30,254.83999633789062,281.2960205078125,666.469970703125,524.77783203125,202.8787078857422
2025-10-31,256.1199951171875,281.0061950683594,648.3499755859375,516.8426513671875,202.47872924804688
2025-11-03,259.6499938964844,283.5345458984375,637.7100219726562,516.0641479492188,206.8684844970703
2025-11-04,250.0500030517578,277.35858154296875,627.3200073242188,513.3692016601562,198.67893981933594
2025-11-05,256.3299865722656,284.1241455078125,635.9500122070312,506.2125549316406,195.1991424560547
2025-11-06,237.6999969482422,284.5638732910156,618.9400024414062,496.1713562011719,188.0695343017578
2025-11-07,233.5399932861328,278.647705078125,621.7100219726562,495.8918762207031,188.1395263671875
2025-11-10,243.97999572753906,289.9103698730469,631.760009765625,505.0547180175781,199.03892517089844
2025-11-11,237.52000427246094,291.11956787109375,627.0800170898438,507.7297058105469,193.1492462158203
2025-11-12,258.8900146484375,286.5225830078125,609.010009765625,510.1851501464844,193.78921508789062
2025-11-13,247.9600067138672,278.3879089355469,609.8900146484375,502.34979248046875,186.84959411621094
2025-11-14,246.80999755859375,276.22930908203125,609.4600219726562,509.2268981933594,190.15940856933594
2025-11-17,240.52000427246094,284.83367919921875,602.010009765625,506.54193115234375,186.58961486816406
2025-11-18,230.2899932861328,284.09417724609375,597.6900024414062,492.8675537109375,181.3498992919922
2025-11-19,223.5500030517578,292.61859130859375,590.3200073242188,486.2099914550781,186.50961303710938
2025-11-20,206.02000427246094,289.26080322265625,589.1500244140625,478.42999267578125,180.62994384765625
2025-11-21,203.77999877929688,299.464111328125,594.25,472.1199951171875,178.8700408935547
2025-11-24,215.0500030517578,318.3717346191406,613.0499877929688,474.0,182.5398406982422
2025-11-25,206.1300048828125,323.22857666015625,636.219970703125,476.989990234375,177.8101043701172
2025-11-26,214.24000549316406,319.7408752441406,633.6099853515625,485.5,180.2499542236328
2025-11-28,217.52999877929688,319.970703125,647.9500122070312,492.010009765625,176.99014282226562
2025-12-01,219.75999450683594,314.6841735839844,640.8699951171875,486.739990234375,179.9099884033203
2025-12-02,215.24000549316406,315.6035461425781,647.0999755859375,490.0,181.4499053955078
2025-12-03,217.60000610351562,319.42108154296875,639.5999755859375,477.7300109863281,179.5800018310547
2025-12-04,215.97999572753906,317.4123840332031,661.530029296875,480.8399963378906,183.3800048828125
2025-12-05,217.97000122070312,321.0599670410156,673.4199829101562,483.1600036621094,182.41000366210938
2025-12-08,221.11000061035156,313.7200012207031,666.7999877929688,491.0199890136719,185.5500030517578
2025-12-09,221.6199951171875,317.0799865722656,656.9600219726562,492.0199890136719,184.97000122070312
